{"SliceTiming": [0.0, 2.0, 0.06666666666666667, 2.066666666666667, 0.13333333333333333, 2.1333333333333333, 0.2, 2.2, 0.26666666666666666, 2.2666666666666666, 0.3333333333333333, 2.3333333333333335, 0.4, 2.4, 0.4666666666666667, 2.466666666666667, 0.5333333333333333, 2.533333333333333, 0.6, 2.6, 0.6666666666666666, 2.6666666666666665, 0.7333333333333333, 2.7333333333333334, 0.8, 2.8, 0.8666666666666667, 2.8666666666666667, 0.9333333333333333, 2.933333333333333, 1.0, 3.0, 1.0666666666666667, 3.066666666666667, 1.1333333333333333, 3.1333333333333333, 1.2, 3.2, 1.2666666666666666, 3.2666666666666666, 1.3333333333333333, 3.3333333333333335, 1.4, 3.4, 1.4666666666666666, 3.466666666666667, 1.5333333333333334, 3.533333333333333, 1.6, 3.6, 1.6666666666666667, 3.6666666666666665, 1.7333333333333334, 3.7333333333333334, 1.8, 3.8, 1.8666666666666667, 3.8666666666666667, 1.9333333333333333, 3.933333333333333], "FlipAngle": 90.0, "TaskName": "task-motAtt", "RepetitionTime": 4.0, "PhaseEncodingDirection": "j-", "EffectiveEchoSpacing": 0.000308, "EchoTime": 0.03, "TotalReadoutTime": 0.033572}