{"SliceTiming": [0.0, 1.0125, 0.06749999999999999, 1.0799999999999998, 0.13499999999999998, 1.1475, 0.2025, 1.2149999999999999, 0.26999999999999996, 1.2825, 0.33749999999999997, 1.3499999999999999, 0.405, 1.4174999999999998, 0.4725, 1.4849999999999999, 0.5399999999999999, 1.5525, 0.6074999999999999, 1.62, 0.6749999999999999, 1.6875, 0.7424999999999999, 1.755, 0.81, 1.8225, 0.8775, 1.89, 0.945, 1.9575, 0.0, 1.0125, 0.06749999999999999, 1.0799999999999998, 0.13499999999999998, 1.1475, 0.2025, 1.2149999999999999, 0.26999999999999996, 1.2825, 0.33749999999999997, 1.3499999999999999, 0.405, 1.4174999999999998, 0.4725, 1.4849999999999999, 0.5399999999999999, 1.5525, 0.6074999999999999, 1.62, 0.6749999999999999, 1.6875, 0.7424999999999999, 1.755, 0.81, 1.8225, 0.8775, 1.89, 0.945, 1.9575], "FlipAngle": 77.0, "RepetitionTime": 2.025, "IntendedFor": ["ses-01/func/sub-0040_ses-01_task-dispAtt_run-01_bold.nii.gz", "ses-01/func/sub-0040_ses-01_task-dispAtt_run-02_bold.nii.gz", "ses-01/func/sub-0040_ses-01_task-dispAtt_run-03_bold.nii.gz", "ses-01/func/sub-0040_ses-01_task-dispAtt_run-04_bold.nii.gz", "ses-01/func/sub-0040_ses-01_task-motAtt_run-01_bold.nii.gz", "ses-01/func/sub-0040_ses-01_task-motAtt_run-02_bold.nii.gz", "ses-01/func/sub-0040_ses-01_task-motAtt_run-03_bold.nii.gz", "ses-01/func/sub-0040_ses-01_task-motAtt_run-04_bold.nii.gz"], "Units": "Hz", "PhaseEncodingDirection": "j", "EffectiveEchoSpacing": 0.000306, "EchoTime": 0.03, "TotalReadoutTime": 0.033354}